{
    "lattice_vectors": [
        [
            4.913332,
            0.0,
            0.0
        ],
        [
            -2.456666,
            4.25507,
            0.0
        ],
        [
            -0.0,
            0.0,
            5.419702
        ]
    ],
    "atomlist": [
        "Si",
        "Si",
        "Si",
        "O",
        "O",
        "O",
        "O",
        "O",
        "O"
    ],
    "fraclist": [
        [
            2.67e-09,
            0.465648897667,
            0.465648897667
        ],
        [
            0.534351103768,
            0.534351103768,
            0.534351103768
        ],
        [
            0.465648897667,
            2.67e-09,
            2.67e-09
        ],
        [
            0.135611325154,
            0.725222808116,
            0.725222808116
        ],
        [
            0.58961147981,
            0.864388673303,
            0.864388673303
        ],
        [
            0.274777193432,
            0.41038851608,
            0.41038851608
        ],
        [
            0.41038851608,
            0.274777193432,
            0.274777193432
        ],
        [
            0.864388673303,
            0.58961147981,
            0.58961147981
        ],
        [
            0.725222808116,
            0.135611325154,
            0.135611325154
        ]
    ],
    "stress_tensor": [
        -132.9076908,
        -35.62783071,
        -56.45649294,
        -8.983559271e-07,
        -1.087518773e-06,
        -47.45075989
    ],
    "stress_tensor_sym": [
        [
            -1.17298345,
            -1e-08,
            -1e-08
        ],
        [
            -1e-08,
            -0.3144352,
            -0.41877905
        ],
        [
            -1e-08,
            -0.41877905,
            -0.49825959
        ]
    ],
    "forcelist": [
        [
            16.8743636311008,
            -12.5756508559905,
            -17.9879944497339
        ],
        [
            16.8743615122942,
            12.5756509755164,
            17.9879945836828
        ],
        [
            -31.1164261927097,
            -1.48393712628519e-06,
            -1.89815950965431e-06
        ],
        [
            6.72648790146957,
            3.78944838036434,
            4.88965716272279
        ],
        [
            17.3769854967785,
            -13.4406657510535,
            -17.5550974803635
        ],
        [
            -25.4196238052732,
            -10.0618930139382,
            -12.6491852472299
        ],
        [
            6.72648804947603,
            -3.78944853432029,
            -4.88965732421372
        ],
        [
            -25.4196252965546,
            10.0618931577735,
            12.6491854151834
        ],
        [
            17.3769887034184,
            13.4406671255854,
            17.5550992381115
        ]
    ]
}